id,nome,categoria,tempo_secondi,ingredienti,prodotti,macchine
wooden-chest,Wooden chest,Logistics,0.5,Wood x2,Wooden chest x1,assembling-machine-1; assembling-machine-2; assembling-machine-3
iron-chest,Iron chest,Logistics,0.5,Iron plate x8,Iron chest x1,assembling-machine-1; assembling-machine-2; assembling-machine-3
steel-chest,Steel chest,Logistics,0.5,Steel plate x8,Steel chest x1,assembling-machine-1; assembling-machine-2; assembling-machine-3
storage-tank,Storage tank,Logistics,3,Iron plate x20; Steel plate x5,Storage tank x1,assembling-machine-1; assembling-machine-2; assembling-machine-3
transport-belt,Transport belt,Logistics,0.5,Iron plate x1; Iron gear wheel x1,Transport belt x2,assembling-machine-1; assembling-machine-2; assembling-machine-3
fast-transport-belt,Fast transport belt,Logistics,0.5,Iron gear wheel x5; Transport belt x1,Fast transport belt x1,assembling-machine-1; assembling-machine-2; assembling-machine-3
express-transport-belt,Express transport belt,Logistics,0.5,Iron gear wheel x10; Fast transport belt x1; Lubricant x20,Express transport belt x1,assembling-machine-2; assembling-machine-3
underground-belt,Underground belt,Logistics,1,Iron plate x10; Transport belt x5,Underground belt x2,assembling-machine-1; assembling-machine-2; assembling-machine-3
fast-underground-belt,Fast underground belt,Logistics,2,Iron gear wheel x40; Underground belt x2,Fast underground belt x2,assembling-machine-1; assembling-machine-2; assembling-machine-3
express-underground-belt,Express underground belt,Logistics,2,Iron gear wheel x80; Fast underground belt x2; Lubricant x40,Express underground belt x2,assembling-machine-2; assembling-machine-3
splitter,Splitter,Logistics,1,Electronic circuit x5; Iron plate x5; Transport belt x4,Splitter x1,assembling-machine-1; assembling-machine-2; assembling-machine-3
fast-splitter,Fast splitter,Logistics,2,Splitter x1; Iron gear wheel x10; Electronic circuit x10,Fast splitter x1,assembling-machine-1; assembling-machine-2; assembling-machine-3
express-splitter,Express splitter,Logistics,2,Fast splitter x1; Iron gear wheel x10; Advanced circuit x10; Lubricant x80,Express splitter x1,assembling-machine-2; assembling-machine-3
burner-inserter,Burner inserter,Logistics,0.5,Iron plate x1; Iron gear wheel x1,Burner inserter x1,assembling-machine-1; assembling-machine-2; assembling-machine-3
inserter,Inserter,Logistics,0.5,Electronic circuit x1; Iron gear wheel x1; Iron plate x1,Inserter x1,assembling-machine-1; assembling-machine-2; assembling-machine-3
long-handed-inserter,Long-handed inserter,Logistics,0.5,Iron gear wheel x1; Iron plate x1; Inserter x1,Long-handed inserter x1,assembling-machine-1; assembling-machine-2; assembling-machine-3
fast-inserter,Fast inserter,Logistics,0.5,Electronic circuit x2; Iron plate x2; Inserter x1,Fast inserter x1,assembling-machine-1; assembling-machine-2; assembling-machine-3
bulk-inserter,Bulk inserter,Logistics,0.5,Iron gear wheel x15; Electronic circuit x15; Advanced circuit x1; Fast inserter x1,Bulk inserter x1,assembling-machine-1; assembling-machine-2; assembling-machine-3
small-electric-pole,Small electric pole,Logistics,0.5,Wood x1; Copper cable x2,Small electric pole x2,assembling-machine-1; assembling-machine-2; assembling-machine-3
medium-electric-pole,Medium electric pole,Logistics,0.5,Iron stick x4; Steel plate x2; Copper cable x2,Medium electric pole x1,assembling-machine-1; assembling-machine-2; assembling-machine-3
big-electric-pole,Big electric pole,Logistics,0.5,Iron stick x8; Steel plate x5; Copper cable x4,Big electric pole x1,assembling-machine-1; assembling-machine-2; assembling-machine-3
substation,Substation,Logistics,0.5,Steel plate x10; Advanced circuit x5; Copper cable x6,Substation x1,assembling-machine-1; assembling-machine-2; assembling-machine-3
pipe,Pipe,Logistics,0.5,Iron plate x1,Pipe x1,assembling-machine-1; assembling-machine-2; assembling-machine-3
pipe-to-ground,Pipe to ground,Logistics,0.5,Pipe x10; Iron plate x5,Pipe to ground x2,assembling-machine-1; assembling-machine-2; assembling-machine-3
pump,Pump,Logistics,2,Engine unit x1; Steel plate x1; Pipe x1,Pump x1,assembling-machine-1; assembling-machine-2; assembling-machine-3
rail,Rail,Logistics,0.5,Stone x1; Iron stick x1; Steel plate x1,Rail x2,assembling-machine-1; assembling-machine-2; assembling-machine-3
train-stop,Train stop,Logistics,0.5,Electronic circuit x5; Iron plate x6; Iron stick x6; Steel plate x3,Train stop x1,assembling-machine-1; assembling-machine-2; assembling-machine-3
rail-signal,Rail signal,Logistics,0.5,Electronic circuit x1; Iron plate x5,Rail signal x1,assembling-machine-1; assembling-machine-2; assembling-machine-3
rail-chain-signal,Rail chain signal,Logistics,0.5,Electronic circuit x1; Iron plate x5,Rail chain signal x1,assembling-machine-1; assembling-machine-2; assembling-machine-3
locomotive,Locomotive,Logistics,4,Engine unit x20; Electronic circuit x10; Steel plate x30,Locomotive x1,assembling-machine-1; assembling-machine-2; assembling-machine-3
cargo-wagon,Cargo wagon,Logistics,1,Iron gear wheel x10; Iron plate x20; Steel plate x20,Cargo wagon x1,assembling-machine-1; assembling-machine-2; assembling-machine-3
fluid-wagon,Fluid wagon,Logistics,1.5,Iron gear wheel x10; Steel plate x16; Pipe x8; Storage tank x1,Fluid wagon x1,assembling-machine-1; assembling-machine-2; assembling-machine-3
artillery-wagon,Artillery wagon,Logistics,4,Engine unit x64; Iron gear wheel x10; Steel plate x40; Pipe x16; Advanced circuit x20,Artillery wagon x1,assembling-machine-1; assembling-machine-2; assembling-machine-3
car,Car,Logistics,2,Engine unit x8; Iron plate x20; Steel plate x5,Car x1,assembling-machine-1; assembling-machine-2; assembling-machine-3
tank,Tank,Logistics,5,Engine unit x32; Steel plate x50; Iron gear wheel x15; Advanced circuit x10,Tank x1,assembling-machine-1; assembling-machine-2; assembling-machine-3
spidertron,Spidertron,Logistics,10,Exoskeleton x4; Portable fission reactor x2; Rocket launcher x4; Processing unit x16; Low density structure x150; Radar x2; Efficiency module 3 x2; Raw fish x1,Spidertron x1,assembling-machine-1; assembling-machine-2; assembling-machine-3
logistic-robot,Logistic robot,Logistics,0.5,Flying robot frame x1; Advanced circuit x2,Logistic robot x1,assembling-machine-1; assembling-machine-2; assembling-machine-3
construction-robot,Construction robot,Logistics,0.5,Flying robot frame x1; Electronic circuit x2,Construction robot x1,assembling-machine-1; assembling-machine-2; assembling-machine-3
active-provider-chest,Active provider chest,Logistics,0.5,Steel chest x1; Electronic circuit x3; Advanced circuit x1,Active provider chest x1,assembling-machine-1; assembling-machine-2; assembling-machine-3
passive-provider-chest,Passive provider chest,Logistics,0.5,Steel chest x1; Electronic circuit x3; Advanced circuit x1,Passive provider chest x1,assembling-machine-1; assembling-machine-2; assembling-machine-3
storage-chest,Storage chest,Logistics,0.5,Steel chest x1; Electronic circuit x3; Advanced circuit x1,Storage chest x1,assembling-machine-1; assembling-machine-2; assembling-machine-3
buffer-chest,Buffer chest,Logistics,0.5,Steel chest x1; Electronic circuit x3; Advanced circuit x1,Buffer chest x1,assembling-machine-1; assembling-machine-2; assembling-machine-3
requester-chest,Requester chest,Logistics,0.5,Steel chest x1; Electronic circuit x3; Advanced circuit x1,Requester chest x1,assembling-machine-1; assembling-machine-2; assembling-machine-3
roboport,Roboport,Logistics,5,Steel plate x45; Iron gear wheel x45; Advanced circuit x45,Roboport x1,assembling-machine-1; assembling-machine-2; assembling-machine-3
small-lamp,Lamp,Logistics,0.5,Electronic circuit x1; Copper cable x3; Iron plate x1,Lamp x1,assembling-machine-1; assembling-machine-2; assembling-machine-3
arithmetic-combinator,Arithmetic combinator,Logistics,0.5,Copper cable x5; Electronic circuit x5,Arithmetic combinator x1,assembling-machine-1; assembling-machine-2; assembling-machine-3
decider-combinator,Decider combinator,Logistics,0.5,Copper cable x5; Electronic circuit x5,Decider combinator x1,assembling-machine-1; assembling-machine-2; assembling-machine-3
selector-combinator,Selector combinator,Logistics,0.5,Advanced circuit x2; Decider combinator x5,Selector combinator x1,assembling-machine-1; assembling-machine-2; assembling-machine-3
constant-combinator,Constant combinator,Logistics,0.5,Copper cable x5; Electronic circuit x2,Constant combinator x1,assembling-machine-1; assembling-machine-2; assembling-machine-3
power-switch,Power switch,Logistics,2,Iron plate x5; Copper cable x5; Electronic circuit x2,Power switch x1,assembling-machine-1; assembling-machine-2; assembling-machine-3
programmable-speaker,Programmable speaker,Logistics,2,Iron plate x3; Iron stick x4; Copper cable x5; Electronic circuit x4,Programmable speaker x1,assembling-machine-1; assembling-machine-2; assembling-machine-3
display-panel,Display panel,Logistics,0.5,Iron plate x1; Electronic circuit x1,Display panel x1,assembling-machine-1; assembling-machine-2; assembling-machine-3
stone-brick,Stone brick,Logistics,3.2,Stone x2,Stone brick x1,stone-furnace; steel-furnace; electric-furnace
concrete,Concrete,Logistics,10,Stone brick x5; Iron ore x1; Water x100,Concrete x10,assembling-machine-2; assembling-machine-3
hazard-concrete,Hazard concrete,Logistics,0.25,Concrete x10,Hazard concrete x10,assembling-machine-1; assembling-machine-2; assembling-machine-3
refined-concrete,Refined concrete,Logistics,15,Concrete x20; Iron stick x8; Steel plate x1; Water x100,Refined concrete x10,assembling-machine-2; assembling-machine-3
refined-hazard-concrete,Refined hazard concrete,Logistics,0.25,Refined concrete x10,Refined hazard concrete x10,assembling-machine-1; assembling-machine-2; assembling-machine-3
landfill,Landfill,Logistics,0.5,Stone x50,Landfill x1,assembling-machine-1; assembling-machine-2; assembling-machine-3
cliff-explosives,Cliff explosives,Logistics,8,Explosives x10; Grenade x1; Barrel x1,Cliff explosives x1,assembling-machine-1; assembling-machine-2; assembling-machine-3
repair-pack,Repair pack,Production,0.5,Electronic circuit x2; Iron gear wheel x2,Repair pack x1,assembling-machine-1; assembling-machine-2; assembling-machine-3
boiler,Boiler,Production,0.5,Stone furnace x1; Pipe x4,Boiler x1,assembling-machine-1; assembling-machine-2; assembling-machine-3
steam-engine,Steam engine,Production,0.5,Iron gear wheel x8; Pipe x5; Iron plate x10,Steam engine x1,assembling-machine-1; assembling-machine-2; assembling-machine-3
solar-panel,Solar panel,Production,10,Steel plate x5; Electronic circuit x15; Copper plate x5,Solar panel x1,assembling-machine-1; assembling-machine-2; assembling-machine-3
accumulator,Accumulator,Production,10,Iron plate x2; Battery x5,Accumulator x1,assembling-machine-1; assembling-machine-2; assembling-machine-3
nuclear-reactor,Nuclear reactor,Production,8,Concrete x500; Steel plate x500; Advanced circuit x500; Copper plate x500,Nuclear reactor x1,assembling-machine-1; assembling-machine-2; assembling-machine-3
heat-pipe,Heat pipe,Production,1,Steel plate x10; Copper plate x20,Heat pipe x1,assembling-machine-1; assembling-machine-2; assembling-machine-3
heat-exchanger,Heat exchanger,Production,3,Steel plate x10; Copper plate x100; Pipe x10,Heat exchanger x1,assembling-machine-1; assembling-machine-2; assembling-machine-3
steam-turbine,Steam turbine,Production,3,Iron gear wheel x50; Copper plate x50; Pipe x20,Steam turbine x1,assembling-machine-1; assembling-machine-2; assembling-machine-3
burner-mining-drill,Burner mining drill,Production,2,Iron gear wheel x3; Stone furnace x1; Iron plate x3,Burner mining drill x1,assembling-machine-1; assembling-machine-2; assembling-machine-3
electric-mining-drill,Electric mining drill,Production,2,Electronic circuit x3; Iron gear wheel x5; Iron plate x10,Electric mining drill x1,assembling-machine-1; assembling-machine-2; assembling-machine-3
offshore-pump,Offshore pump,Production,0.5,Pipe x3; Iron gear wheel x2,Offshore pump x1,assembling-machine-1; assembling-machine-2; assembling-machine-3
pumpjack,Pumpjack,Production,5,Steel plate x5; Iron gear wheel x10; Electronic circuit x5; Pipe x10,Pumpjack x1,assembling-machine-1; assembling-machine-2; assembling-machine-3
stone-furnace,Stone furnace,Production,0.5,Stone x5,Stone furnace x1,assembling-machine-1; assembling-machine-2; assembling-machine-3
steel-furnace,Steel furnace,Production,3,Steel plate x6; Stone brick x10,Steel furnace x1,assembling-machine-1; assembling-machine-2; assembling-machine-3
electric-furnace,Electric furnace,Production,5,Steel plate x10; Advanced circuit x5; Stone brick x10,Electric furnace x1,assembling-machine-1; assembling-machine-2; assembling-machine-3
assembling-machine-1,Assembling machine 1,Production,0.5,Electronic circuit x3; Iron gear wheel x5; Iron plate x9,Assembling machine 1 x1,assembling-machine-1; assembling-machine-2; assembling-machine-3
assembling-machine-2,Assembling machine 2,Production,0.5,Steel plate x2; Electronic circuit x3; Iron gear wheel x5; Assembling machine 1 x1,Assembling machine 2 x1,assembling-machine-1; assembling-machine-2; assembling-machine-3
assembling-machine-3,Assembling machine 3,Production,0.5,Speed module x4; Assembling machine 2 x2,Assembling machine 3 x1,assembling-machine-1; assembling-machine-2; assembling-machine-3
oil-refinery,Oil refinery,Production,8,Steel plate x15; Iron gear wheel x10; Stone brick x10; Electronic circuit x10; Pipe x10,Oil refinery x1,assembling-machine-1; assembling-machine-2; assembling-machine-3
chemical-plant,Chemical plant,Production,5,Steel plate x5; Iron gear wheel x5; Electronic circuit x5; Pipe x5,Chemical plant x1,assembling-machine-1; assembling-machine-2; assembling-machine-3
centrifuge,Centrifuge,Production,4,Concrete x100; Steel plate x50; Advanced circuit x100; Iron gear wheel x100,Centrifuge x1,assembling-machine-1; assembling-machine-2; assembling-machine-3
lab,Lab,Production,2,Electronic circuit x10; Iron gear wheel x10; Transport belt x4,Lab x1,assembling-machine-1; assembling-machine-2; assembling-machine-3
beacon,Beacon,Production,15,Electronic circuit x20; Advanced circuit x20; Steel plate x10; Copper cable x10,Beacon x1,assembling-machine-1; assembling-machine-2; assembling-machine-3
speed-module,Speed module,Production,15,Advanced circuit x5; Electronic circuit x5,Speed module x1,assembling-machine-1; assembling-machine-2; assembling-machine-3
speed-module-2,Speed module 2,Production,30,Speed module x4; Advanced circuit x5; Processing unit x5,Speed module 2 x1,assembling-machine-1; assembling-machine-2; assembling-machine-3
speed-module-3,Speed module 3,Production,60,Speed module 2 x4; Advanced circuit x5; Processing unit x5,Speed module 3 x1,assembling-machine-1; assembling-machine-2; assembling-machine-3
efficiency-module,Efficiency module,Production,15,Advanced circuit x5; Electronic circuit x5,Efficiency module x1,assembling-machine-1; assembling-machine-2; assembling-machine-3
efficiency-module-2,Efficiency module 2,Production,30,Efficiency module x4; Advanced circuit x5; Processing unit x5,Efficiency module 2 x1,assembling-machine-1; assembling-machine-2; assembling-machine-3
efficiency-module-3,Efficiency module 3,Production,60,Efficiency module 2 x4; Advanced circuit x5; Processing unit x5,Efficiency module 3 x1,assembling-machine-1; assembling-machine-2; assembling-machine-3
productivity-module,Productivity module,Production,15,Advanced circuit x5; Electronic circuit x5,Productivity module x1,assembling-machine-1; assembling-machine-2; assembling-machine-3
productivity-module-2,Productivity module 2,Production,30,Productivity module x4; Advanced circuit x5; Processing unit x5,Productivity module 2 x1,assembling-machine-1; assembling-machine-2; assembling-machine-3
productivity-module-3,Productivity module 3,Production,60,Productivity module 2 x4; Advanced circuit x5; Processing unit x5,Productivity module 3 x1,assembling-machine-1; assembling-machine-2; assembling-machine-3
rocket-silo,Rocket silo,Production,30,Steel plate x1000; Concrete x1000; Pipe x100; Processing unit x200; Electric engine unit x200,Rocket silo x1,assembling-machine-1; assembling-machine-2; assembling-machine-3
cargo-landing-pad,Cargo landing pad,Production,30,Concrete x200; Steel plate x25; Processing unit x10,Cargo landing pad x1,assembling-machine-1; assembling-machine-2; assembling-machine-3
satellite,Satellite,Production,5,Low density structure x100; Solar panel x100; Accumulator x100; Radar x5; Processing unit x100; Rocket fuel x50,Satellite x1,assembling-machine-1; assembling-machine-2; assembling-machine-3
basic-oil-processing,Basic oil processing,Intermediate products,5,Crude oil x100,Petroleum gas x45,oil-refinery
advanced-oil-processing,Advanced oil processing,Intermediate products,5,Water x50; Crude oil x100,Heavy oil x25; Light oil x45; Petroleum gas x55,oil-refinery
coal-liquefaction,Coal liquefaction,Intermediate products,5,Coal x10; Heavy oil x25; Steam (165°C) x50,Heavy oil x90; Light oil x20; Petroleum gas x10,oil-refinery
coal-liquefaction-steam-500,Coal liquefaction,Intermediate products,5,Coal x10; Heavy oil x25; Steam (500°C) x50,Heavy oil x90; Light oil x20; Petroleum gas x10,oil-refinery
heavy-oil-cracking,Heavy oil cracking to light oil,Intermediate products,2,Water x30; Heavy oil x40,Light oil x30,chemical-plant
light-oil-cracking,Light oil cracking to petroleum gas,Intermediate products,2,Water x30; Light oil x30,Petroleum gas x20,chemical-plant
solid-fuel-from-petroleum-gas,Solid fuel from petroleum gas,Intermediate products,1,Petroleum gas x20,Solid fuel x1,chemical-plant
solid-fuel-from-light-oil,Solid fuel from light oil,Intermediate products,1,Light oil x10,Solid fuel x1,chemical-plant
solid-fuel-from-heavy-oil,Solid fuel from heavy oil,Intermediate products,1,Heavy oil x20,Solid fuel x1,chemical-plant
lubricant,Lubricant,Intermediate products,1,Heavy oil x10,Lubricant x10,chemical-plant
sulfuric-acid,Sulfuric acid,Intermediate products,1,Sulfur x5; Iron plate x1; Water x100,Sulfuric acid x50,chemical-plant
iron-plate,Iron plate,Intermediate products,3.2,Iron ore x1,Iron plate x1,stone-furnace; steel-furnace; electric-furnace
copper-plate,Copper plate,Intermediate products,3.2,Copper ore x1,Copper plate x1,stone-furnace; steel-furnace; electric-furnace
steel-plate,Steel plate,Intermediate products,16,Iron plate x5,Steel plate x1,stone-furnace; steel-furnace; electric-furnace
plastic-bar,Plastic bar,Intermediate products,1,Petroleum gas x20; Coal x1,Plastic bar x2,chemical-plant
sulfur,Sulfur,Intermediate products,1,Water x30; Petroleum gas x30,Sulfur x2,chemical-plant
battery,Battery,Intermediate products,4,Sulfuric acid x20; Iron plate x1; Copper plate x1,Battery x1,chemical-plant
explosives,Explosives,Intermediate products,4,Sulfur x1; Coal x1; Water x10,Explosives x2,chemical-plant
water-barrel,Fill Water barrel,Intermediate products,0.2,Water x50; Barrel x1,Water barrel x1,assembling-machine-2; assembling-machine-3
crude-oil-barrel,Fill Crude oil barrel,Intermediate products,0.2,Crude oil x50; Barrel x1,Crude oil barrel x1,assembling-machine-2; assembling-machine-3
petroleum-gas-barrel,Fill Petroleum gas barrel,Intermediate products,0.2,Petroleum gas x50; Barrel x1,Petroleum gas barrel x1,assembling-machine-2; assembling-machine-3
light-oil-barrel,Fill Light oil barrel,Intermediate products,0.2,Light oil x50; Barrel x1,Light oil barrel x1,assembling-machine-2; assembling-machine-3
heavy-oil-barrel,Fill Heavy oil barrel,Intermediate products,0.2,Heavy oil x50; Barrel x1,Heavy oil barrel x1,assembling-machine-2; assembling-machine-3
lubricant-barrel,Fill Lubricant barrel,Intermediate products,0.2,Lubricant x50; Barrel x1,Lubricant barrel x1,assembling-machine-2; assembling-machine-3
sulfuric-acid-barrel,Fill Sulfuric acid barrel,Intermediate products,0.2,Sulfuric acid x50; Barrel x1,Sulfuric acid barrel x1,assembling-machine-2; assembling-machine-3
empty-water-barrel,Empty Water barrel,Intermediate products,0.2,Water barrel x1,Water x50; Barrel x1,assembling-machine-2; assembling-machine-3
empty-crude-oil-barrel,Empty Crude oil barrel,Intermediate products,0.2,Crude oil barrel x1,Crude oil x50; Barrel x1,assembling-machine-2; assembling-machine-3
empty-petroleum-gas-barrel,Empty Petroleum gas barrel,Intermediate products,0.2,Petroleum gas barrel x1,Petroleum gas x50; Barrel x1,assembling-machine-2; assembling-machine-3
empty-light-oil-barrel,Empty Light oil barrel,Intermediate products,0.2,Light oil barrel x1,Light oil x50; Barrel x1,assembling-machine-2; assembling-machine-3
empty-heavy-oil-barrel,Empty Heavy oil barrel,Intermediate products,0.2,Heavy oil barrel x1,Heavy oil x50; Barrel x1,assembling-machine-2; assembling-machine-3
empty-lubricant-barrel,Empty Lubricant barrel,Intermediate products,0.2,Lubricant barrel x1,Lubricant x50; Barrel x1,assembling-machine-2; assembling-machine-3
empty-sulfuric-acid-barrel,Empty Sulfuric acid barrel,Intermediate products,0.2,Sulfuric acid barrel x1,Sulfuric acid x50; Barrel x1,assembling-machine-2; assembling-machine-3
iron-gear-wheel,Iron gear wheel,Intermediate products,0.5,Iron plate x2,Iron gear wheel x1,assembling-machine-1; assembling-machine-2; assembling-machine-3
iron-stick,Iron stick,Intermediate products,0.5,Iron plate x1,Iron stick x2,assembling-machine-1; assembling-machine-2; assembling-machine-3
copper-cable,Copper cable,Intermediate products,0.5,Copper plate x1,Copper cable x2,assembling-machine-1; assembling-machine-2; assembling-machine-3
barrel,Barrel,Intermediate products,1,Steel plate x1,Barrel x1,assembling-machine-1; assembling-machine-2; assembling-machine-3
electronic-circuit,Electronic circuit,Intermediate products,0.5,Iron plate x1; Copper cable x3,Electronic circuit x1,assembling-machine-1; assembling-machine-2; assembling-machine-3
advanced-circuit,Advanced circuit,Intermediate products,6,Electronic circuit x2; Plastic bar x2; Copper cable x4,Advanced circuit x1,assembling-machine-1; assembling-machine-2; assembling-machine-3
processing-unit,Processing unit,Intermediate products,10,Electronic circuit x20; Advanced circuit x2; Sulfuric acid x5,Processing unit x1,assembling-machine-2; assembling-machine-3
engine-unit,Engine unit,Intermediate products,10,Steel plate x1; Iron gear wheel x1; Pipe x2,Engine unit x1,assembling-machine-1; assembling-machine-2; assembling-machine-3
electric-engine-unit,Electric engine unit,Intermediate products,10,Engine unit x1; Lubricant x15; Electronic circuit x2,Electric engine unit x1,assembling-machine-2; assembling-machine-3
flying-robot-frame,Flying robot frame,Intermediate products,20,Electric engine unit x1; Battery x2; Steel plate x1; Electronic circuit x3,Flying robot frame x1,assembling-machine-1; assembling-machine-2; assembling-machine-3
low-density-structure,Low density structure,Intermediate products,15,Steel plate x2; Copper plate x20; Plastic bar x5,Low density structure x1,assembling-machine-1; assembling-machine-2; assembling-machine-3
rocket-fuel,Rocket fuel,Intermediate products,15,Solid fuel x10; Light oil x10,Rocket fuel x1,assembling-machine-2; assembling-machine-3
rocket-part,Rocket part,Intermediate products,3,Processing unit x10; Low density structure x10; Rocket fuel x10,Rocket part x1,rocket-silo
uranium-processing,Uranium processing,Intermediate products,12,Uranium ore x10,Uranium-235 x0.007000000000000001; Uranium-238 x0.993,centrifuge
depleted-uranium-fuel-cell,Uranium fuel cell : Depleted uranium fuel cell,Intermediate products,1,Uranium fuel cell x0,Depleted uranium fuel cell x0,nuclear-reactor
uranium-fuel-cell,Uranium fuel cell,Intermediate products,10,Iron plate x10; Uranium-235 x1; Uranium-238 x19,Uranium fuel cell x10,assembling-machine-1; assembling-machine-2; assembling-machine-3
nuclear-fuel-reprocessing,Nuclear fuel reprocessing,Intermediate products,60,Depleted uranium fuel cell x5,Uranium-238 x3,centrifuge
kovarex-enrichment-process,Kovarex enrichment process,Intermediate products,60,Uranium-235 x40; Uranium-238 x5,Uranium-235 x41; Uranium-238 x2,centrifuge
nuclear-fuel,Nuclear fuel,Intermediate products,90,Uranium-235 x1; Rocket fuel x1,Nuclear fuel x1,centrifuge
automation-science-pack,Automation science pack,Intermediate products,5,Copper plate x1; Iron gear wheel x1,Automation science pack x1,assembling-machine-1; assembling-machine-2; assembling-machine-3
logistic-science-pack,Logistic science pack,Intermediate products,6,Inserter x1; Transport belt x1,Logistic science pack x1,assembling-machine-1; assembling-machine-2; assembling-machine-3
military-science-pack,Military science pack,Intermediate products,10,Piercing rounds magazine x1; Grenade x1; Wall x2,Military science pack x2,assembling-machine-1; assembling-machine-2; assembling-machine-3
chemical-science-pack,Chemical science pack,Intermediate products,24,Engine unit x2; Advanced circuit x3; Sulfur x1,Chemical science pack x2,assembling-machine-1; assembling-machine-2; assembling-machine-3
production-science-pack,Production science pack,Intermediate products,21,Electric furnace x1; Productivity module x1; Rail x30,Production science pack x3,assembling-machine-1; assembling-machine-2; assembling-machine-3
utility-science-pack,Utility science pack,Intermediate products,21,Low density structure x3; Processing unit x2; Flying robot frame x1,Utility science pack x3,assembling-machine-1; assembling-machine-2; assembling-machine-3
space-science-pack,Rocket silo : Space science pack,Intermediate products,40.6,Satellite x1; Rocket part x100,Space science pack x1000,rocket-silo
submachine-gun,Submachine gun,Combat,10,Iron gear wheel x10; Copper plate x5; Iron plate x10,Submachine gun x1,assembling-machine-1; assembling-machine-2; assembling-machine-3
shotgun,Shotgun,Combat,10,Iron plate x15; Iron gear wheel x5; Copper plate x10; Wood x5,Shotgun x1,assembling-machine-1; assembling-machine-2; assembling-machine-3
combat-shotgun,Combat shotgun,Combat,10,Steel plate x15; Iron gear wheel x5; Copper plate x10; Wood x10,Combat shotgun x1,assembling-machine-1; assembling-machine-2; assembling-machine-3
rocket-launcher,Rocket launcher,Combat,10,Iron plate x5; Iron gear wheel x5; Electronic circuit x5,Rocket launcher x1,assembling-machine-1; assembling-machine-2; assembling-machine-3
flamethrower,Flamethrower,Combat,10,Steel plate x5; Iron gear wheel x10,Flamethrower x1,assembling-machine-1; assembling-machine-2; assembling-machine-3
firearm-magazine,Firearm magazine,Combat,1,Iron plate x4,Firearm magazine x1,assembling-machine-1; assembling-machine-2; assembling-machine-3
piercing-rounds-magazine,Piercing rounds magazine,Combat,6,Firearm magazine x2; Steel plate x1; Copper plate x2,Piercing rounds magazine x2,assembling-machine-1; assembling-machine-2; assembling-machine-3
uranium-rounds-magazine,Uranium rounds magazine,Combat,10,Piercing rounds magazine x1; Uranium-238 x1,Uranium rounds magazine x1,assembling-machine-1; assembling-machine-2; assembling-machine-3
shotgun-shell,Shotgun shells,Combat,3,Copper plate x2; Iron plate x2,Shotgun shells x1,assembling-machine-1; assembling-machine-2; assembling-machine-3
piercing-shotgun-shell,Piercing shotgun shells,Combat,8,Shotgun shells x2; Copper plate x5; Steel plate x2,Piercing shotgun shells x1,assembling-machine-1; assembling-machine-2; assembling-machine-3
cannon-shell,Cannon shell,Combat,8,Steel plate x2; Plastic bar x2; Explosives x1,Cannon shell x1,assembling-machine-1; assembling-machine-2; assembling-machine-3
explosive-cannon-shell,Explosive cannon shell,Combat,8,Steel plate x2; Plastic bar x2; Explosives x2,Explosive cannon shell x1,assembling-machine-1; assembling-machine-2; assembling-machine-3
uranium-cannon-shell,Uranium cannon shell,Combat,12,Cannon shell x1; Uranium-238 x1,Uranium cannon shell x1,assembling-machine-1; assembling-machine-2; assembling-machine-3
explosive-uranium-cannon-shell,Explosive uranium cannon shell,Combat,12,Explosive cannon shell x1; Uranium-238 x1,Explosive uranium cannon shell x1,assembling-machine-1; assembling-machine-2; assembling-machine-3
artillery-shell,Artillery shell,Combat,15,Explosive cannon shell x4; Radar x1; Explosives x8,Artillery shell x1,assembling-machine-1; assembling-machine-2; assembling-machine-3
rocket,Rocket,Combat,4,Explosives x1; Iron plate x2,Rocket x1,assembling-machine-1; assembling-machine-2; assembling-machine-3
explosive-rocket,Explosive rocket,Combat,8,Rocket x1; Explosives x2,Explosive rocket x1,assembling-machine-1; assembling-machine-2; assembling-machine-3
atomic-bomb,Atomic bomb,Combat,50,Processing unit x10; Explosives x10; Uranium-235 x30,Atomic bomb x1,assembling-machine-1; assembling-machine-2; assembling-machine-3
flamethrower-ammo,Flamethrower ammo,Combat,6,Steel plate x5; Crude oil x100,Flamethrower ammo x1,chemical-plant
grenade,Grenade,Combat,8,Iron plate x5; Coal x10,Grenade x1,assembling-machine-1; assembling-machine-2; assembling-machine-3
cluster-grenade,Cluster grenade,Combat,8,Grenade x7; Explosives x5; Steel plate x5,Cluster grenade x1,assembling-machine-1; assembling-machine-2; assembling-machine-3
poison-capsule,Poison capsule,Combat,8,Steel plate x3; Electronic circuit x3; Coal x10,Poison capsule x1,assembling-machine-1; assembling-machine-2; assembling-machine-3
slowdown-capsule,Slowdown capsule,Combat,8,Steel plate x2; Electronic circuit x2; Coal x5,Slowdown capsule x1,assembling-machine-1; assembling-machine-2; assembling-machine-3
defender-capsule,Defender capsule,Combat,8,Piercing rounds magazine x3; Electronic circuit x3; Iron gear wheel x3,Defender capsule x1,assembling-machine-1; assembling-machine-2; assembling-machine-3
distractor-capsule,Distractor capsule,Combat,15,Defender capsule x4; Advanced circuit x3,Distractor capsule x1,assembling-machine-1; assembling-machine-2; assembling-machine-3
destroyer-capsule,Destroyer capsule,Combat,15,Distractor capsule x4; Speed module x1,Destroyer capsule x1,assembling-machine-1; assembling-machine-2; assembling-machine-3
light-armor,Light armor,Combat,3,Iron plate x40,Light armor x1,assembling-machine-1; assembling-machine-2; assembling-machine-3
heavy-armor,Heavy armor,Combat,8,Copper plate x100; Steel plate x50,Heavy armor x1,assembling-machine-1; assembling-machine-2; assembling-machine-3
modular-armor,Modular armor,Combat,15,Advanced circuit x30; Steel plate x50,Modular armor x1,assembling-machine-1; assembling-machine-2; assembling-machine-3
power-armor,Power armor,Combat,20,Processing unit x40; Electric engine unit x20; Steel plate x40,Power armor x1,assembling-machine-1; assembling-machine-2; assembling-machine-3
power-armor-mk2,Power armor MK2,Combat,25,Efficiency module 2 x25; Speed module 2 x25; Processing unit x60; Electric engine unit x40; Low density structure x30,Power armor MK2 x1,assembling-machine-1; assembling-machine-2; assembling-machine-3
solar-panel-equipment,Portable solar panel,Combat,10,Solar panel x1; Advanced circuit x2; Steel plate x5,Portable solar panel x1,assembling-machine-1; assembling-machine-2; assembling-machine-3
fission-reactor-equipment,Portable fission reactor,Combat,10,Processing unit x200; Low density structure x50; Uranium fuel cell x4,Portable fission reactor x1,assembling-machine-1; assembling-machine-2; assembling-machine-3
battery-equipment,Personal battery,Combat,10,Battery x5; Steel plate x10,Personal battery x1,assembling-machine-1; assembling-machine-2; assembling-machine-3
battery-mk2-equipment,Personal battery MK2,Combat,10,Personal battery x10; Processing unit x15; Low density structure x5,Personal battery MK2 x1,assembling-machine-1; assembling-machine-2; assembling-machine-3
belt-immunity-equipment,Belt immunity equipment,Combat,10,Advanced circuit x5; Steel plate x10,Belt immunity equipment x1,assembling-machine-1; assembling-machine-2; assembling-machine-3
exoskeleton-equipment,Exoskeleton,Combat,10,Processing unit x10; Electric engine unit x30; Steel plate x20,Exoskeleton x1,assembling-machine-1; assembling-machine-2; assembling-machine-3
personal-roboport-equipment,Personal roboport,Combat,10,Advanced circuit x10; Iron gear wheel x40; Steel plate x20; Battery x45,Personal roboport x1,assembling-machine-1; assembling-machine-2; assembling-machine-3
personal-roboport-mk2-equipment,Personal roboport MK2,Combat,20,Personal roboport x5; Processing unit x100; Low density structure x20,Personal roboport MK2 x1,assembling-machine-1; assembling-machine-2; assembling-machine-3
night-vision-equipment,Nightvision,Combat,10,Advanced circuit x5; Steel plate x10,Nightvision x1,assembling-machine-1; assembling-machine-2; assembling-machine-3
energy-shield-equipment,Energy shield,Combat,10,Advanced circuit x5; Steel plate x10,Energy shield x1,assembling-machine-1; assembling-machine-2; assembling-machine-3
energy-shield-mk2-equipment,Energy shield MK2,Combat,10,Energy shield x10; Processing unit x5; Low density structure x5,Energy shield MK2 x1,assembling-machine-1; assembling-machine-2; assembling-machine-3
personal-laser-defense-equipment,Personal laser defense,Combat,10,Processing unit x20; Low density structure x5; Laser turret x5,Personal laser defense x1,assembling-machine-1; assembling-machine-2; assembling-machine-3
discharge-defense-equipment,Discharge defense,Combat,10,Processing unit x5; Steel plate x20; Laser turret x10,Discharge defense x1,assembling-machine-1; assembling-machine-2; assembling-machine-3
stone-wall,Wall,Combat,0.5,Stone brick x5,Wall x1,assembling-machine-1; assembling-machine-2; assembling-machine-3
gate,Gate,Combat,0.5,Wall x1; Steel plate x2; Electronic circuit x2,Gate x1,assembling-machine-1; assembling-machine-2; assembling-machine-3
radar,Radar,Combat,0.5,Electronic circuit x5; Iron gear wheel x5; Iron plate x10,Radar x1,assembling-machine-1; assembling-machine-2; assembling-machine-3
land-mine,Land mine,Combat,5,Steel plate x1; Explosives x2,Land mine x4,assembling-machine-1; assembling-machine-2; assembling-machine-3
gun-turret,Gun turret,Combat,8,Iron gear wheel x10; Copper plate x10; Iron plate x20,Gun turret x1,assembling-machine-1; assembling-machine-2; assembling-machine-3
laser-turret,Laser turret,Combat,20,Steel plate x20; Electronic circuit x20; Battery x12,Laser turret x1,assembling-machine-1; assembling-machine-2; assembling-machine-3
flamethrower-turret,Flamethrower turret,Combat,20,Steel plate x30; Iron gear wheel x15; Pipe x10; Engine unit x5,Flamethrower turret x1,assembling-machine-1; assembling-machine-2; assembling-machine-3
artillery-turret,Artillery turret,Combat,40,Steel plate x60; Concrete x60; Iron gear wheel x40; Advanced circuit x20,Artillery turret x1,assembling-machine-1; assembling-machine-2; assembling-machine-3
water,Offshore pump : Water,Fluids,1,,Water x1200,offshore-pump
steam,Boiler : Steam,Fluids,300,Water x1,Steam (165°C) x10,boiler
heat-exchanger-steam-boil,Heat exchanger : Steam,Fluids,970,Water x1,Steam (500°C) x10,heat-exchanger
iron-ore,Iron ore,Intermediate products,1,,Iron ore x1,burner-mining-drill; electric-mining-drill
copper-ore,Copper ore,Intermediate products,1,,Copper ore x1,burner-mining-drill; electric-mining-drill
coal,Coal,Intermediate products,1,,Coal x1,burner-mining-drill; electric-mining-drill
stone,Stone,Intermediate products,1,,Stone x1,burner-mining-drill; electric-mining-drill
uranium-ore,Uranium ore,Intermediate products,2,Sulfuric acid x1,Uranium ore x1,electric-mining-drill
crude-oil,Crude oil,Fluids,1,,Crude oil x10,pumpjack
